id,first_name,last_name,email,phone,city,region,registration_date
1,Odalis,Díaz,mansoplacido@example.net,+34 916 11 00 22,Almería,Extremadura,2022-12-09
2,Pepito,Río,selena15@example.com,+34 861667467,Álava,País Vasco,2023-11-29
3,Tadeo,Diaz,cazorlajosefa@example.net,+34 812 169 797,Guipúzcoa,Galicia,2025-11-30
4,Emiliana,Pino,emma02@example.com,+34 979167014,Toledo,Murcia,2023-04-14
5,Mauricio,Alberola,haydeeneira@example.net,+34 985916375,Córdoba,Baleares,2025-04-19
6,Inmaculada,Plaza,primitivaballester@example.org,+34846877217,Toledo,Murcia,2025-05-03
7,Jose Angel,Muro,aureliano83@example.net,+34941 631 779,Sevilla,Castilla y León,2023-11-17
8,Chus,Valentín,hmolina@example.com,+34 721 660 880,Alicante,Madrid,2024-06-02
9,Ciriaco,Mayo,fatimasastre@example.com,+34 928 037 589,Vizcaya,Aragón,2026-01-10
10,Ainara,Parra,gcarbonell@example.net,+34876 05 54 88,Córdoba,Baleares,2025-01-23
11,Judith,Camino,cordobaamerica@example.org,+34946 14 93 31,Girona,Cataluña,2024-02-07
12,Rubén,Garriga,tfarre@example.com,+34 827 60 91 77,Guipúzcoa,Galicia,2026-02-19
13,Dolores,Varela,andreaacosta@example.net,+34 806869782,Burgos,Castilla-La Mancha,2025-04-24
14,Cristina,Durán,cristobalponce@example.net,+34920 86 69 34,Sevilla,Castilla y León,2025-06-15
15,Olegario,Mariscal,icanellas@example.com,+34 983 48 58 33,Toledo,Murcia,2024-03-16
16,Etelvina,Manso,africa22@example.net,+34988 515 879,Lleida,Asturias,2023-05-28
17,Guadalupe,Rincón,saturnina60@example.net,+34 827062003,Álava,País Vasco,2024-12-09
18,Maricela,Cuevas,isabela42@example.org,+34 900 38 05 71,Córdoba,Navarra,2023-08-25
19,Rufina,Gomez,ggamez@example.net,+34 888 066 658,Alicante,Madrid,2025-02-18
20,Albert,Iglesias,estelasalazar@example.org,+34928989334,Toledo,Murcia,2022-09-28
21,Galo,Benavente,fulgenciovilaplana@example.org,+34 941 06 48 42,Córdoba,Baleares,2024-06-03
22,Daniela,Jara,murilloadelaida@example.net,+34 846 02 59 09,Córdoba,Navarra,2023-03-13
23,Gisela,Mascaró,epalma@example.net,+34 920832818,Córdoba,Baleares,2026-02-05
24,Severo,Quintanilla,olmedoismael@example.org,+34922 554 398,Toledo,Murcia,2023-03-11
25,Chelo,Agullo,olivavictor-manuel@example.org,+34880 056 164,Almería,Extremadura,2024-07-13
26,Lourdes,Luna,villanuevapaca@example.com,+34983877043,Burgos,Castilla-La Mancha,2024-10-23
27,Aroa,Blanca,diegomaria-teresa@example.net,+34 987 013 361,Girona,Cataluña,2023-11-16
28,Brígida,Rozas,corralamado@example.com,+34922 011 024,Toledo,Murcia,2023-05-22
29,Calisto,Goñi,saturnino67@example.net,+34 946 650 618,Toledo,Murcia,2024-11-19
30,Felipa,Barroso,belmontepepito@example.net,+34 827 449 147,Sevilla,Castilla y León,2022-07-16
31,Ruperto,Anguita,icrespi@example.org,+34 843684245,Burgos,Castilla-La Mancha,2024-02-19
32,Carolina,Cid,arnaizadelardo@example.net,+34 944881435,Álava,País Vasco,2022-07-24
33,Seve,Vila,felipeespejo@example.org,+34 882 312 908,Teruel,Andalucía,2023-05-31
34,Filomena,Beltran,hilda14@example.org,+34872975523,Álava,País Vasco,2024-06-22
35,Lucas,Baños,maximinotorre@example.com,+34 922 949 299,Guipúzcoa,Galicia,2022-12-09
36,Nuria,Molina,adomingo@example.com,+34 881 364 525,Alicante,Madrid,2024-01-24
37,Alexandra,Sevillano,xpalmer@example.com,+34 979 812 914,Castellón,Comunidad Valenciana,2026-03-31
38,Pascuala,Chaves,juan-josebenito@example.net,+34821 08 09 96,Álava,País Vasco,2026-03-01
39,Dominga,Garcia,juliacandelaria@example.net,+34976 256 394,Lleida,Asturias,2025-10-13
40,Abril,Vallejo,puenteprudencio@example.net,+34703928272,Baleares,Canarias,2023-01-30
41,Clarisa,Coll,cpalmer@example.org,+34 979314530,Castellón,Comunidad Valenciana,2023-04-11
42,Hilario,Villaverde,roman77@example.org,+34800518449,Castellón,Comunidad Valenciana,2025-05-10
43,Clotilde,Dávila,xpinedo@example.net,+34 822846386,Alicante,Madrid,2024-10-29
44,Olga,Ochoa,mtoledo@example.org,+34981 272 318,Alicante,Madrid,2024-01-06
45,Lisandro,Galán,glaucocriado@example.com,+34 833651777,Girona,Cataluña,2025-04-01
46,Dominga,Cuéllar,palonso@example.org,+34841992280,Guipúzcoa,Galicia,2023-05-30
47,Constanza,Collado,delgadojuan@example.org,+34 984699041,Córdoba,Navarra,2026-04-20
48,Vidal,Soto,odonaire@example.com,+34 844 92 98 42,Lleida,Asturias,2023-06-08
49,Itziar,Noriega,obayona@example.com,+34942210388,Girona,Cataluña,2025-08-04
50,Simón,Conde,eliasalba@example.net,+34800 881 172,Burgos,Castilla-La Mancha,2025-06-04
51,Elisa,Abella,ayuste@example.com,+34 803 86 37 65,Lleida,Asturias,2026-05-08
52,Nilda,Cabañas,qcanete@example.com,+34878149864,Burgos,Castilla-La Mancha,2025-01-07
53,Adelardo,Aguilar,vizcainoadrian@example.com,+34 874 565 126,Córdoba,Navarra,2023-04-26
54,Delfina,Izaguirre,rita86@example.net,+34 928 94 63 68,Córdoba,Baleares,2025-04-14
55,Cecilia,Tolosa,raimundotomas@example.com,+34 902 95 62 13,Almería,Extremadura,2025-11-05
56,Micaela,Cáceres,garmendiaapolonia@example.com,+34923890260,Burgos,Castilla-La Mancha,2024-05-30
57,Ciriaco,Codina,frozas@example.org,+34883 35 19 06,Teruel,Andalucía,2025-12-07
58,Encarna,Vázquez,leonor90@example.org,+34 980 70 38 43,Toledo,Murcia,2024-03-20
59,Miguela,Vicens,encarnaciondomenech@example.net,+34 800 530 214,Álava,País Vasco,2022-08-28
60,Salomón,Osuna,lramirez@example.org,+34 984 01 18 48,Almería,Extremadura,2025-10-30
61,Dafne,Oliveras,olalla43@example.net,+34 872769042,Lleida,Asturias,2026-05-28
62,Antonia,Campillo,vaqueromacario@example.com,+34828 84 89 47,Vizcaya,Aragón,2024-03-30
63,Chus,Tomás,maritanicolas@example.com,+34974 907 141,Alicante,Madrid,2024-02-12
64,Evita,Giménez,nereidamoles@example.com,+34 926880434,Vizcaya,Aragón,2024-02-21
65,Sabas,Nogués,escalonaalba@example.com,+34 926 39 42 37,Sevilla,Castilla y León,2022-11-28
66,Heraclio,Guitart,saludlara@example.org,+34 878 339 521,Alicante,Madrid,2025-08-25
67,Zoraida,Bermudez,wagudo@example.net,+34 803759579,Alicante,Madrid,2023-01-09
68,Leonardo,Tudela,maria-cristinavicente@example.com,+34944 39 20 86,Alicante,Madrid,2026-03-17
69,Calixta,Antúnez,rufino27@example.org,+34 984 75 00 36,Córdoba,Navarra,2024-07-19
70,Cosme,Morell,emperatriz42@example.net,+34883 34 79 55,Córdoba,Baleares,2024-12-25
71,Andrea,Rodrigo,simonperales@example.com,+34 945 47 29 29,Lleida,Asturias,2023-04-18
72,Jenaro,Cabo,nilda38@example.com,+34 942 322 702,Vizcaya,Aragón,2025-06-06
73,Angelina,Cañizares,mireia74@example.com,+34 806 612 034,Lleida,Asturias,2024-04-21
74,Primitiva,Bárcena,qnadal@example.com,+34 927 88 45 06,Almería,Extremadura,2024-07-16
75,Pascual,Flor,mercedesluis@example.com,+34 921 87 71 69,Alicante,Madrid,2023-01-11
76,Abigaíl,Coca,felicidadnavas@example.com,+34 946 112 535,Córdoba,Baleares,2023-09-25
77,Fortunata,Manuel,elodia64@example.com,+34927 98 76 22,Baleares,Canarias,2023-11-11
78,Alonso,Casares,giselainfante@example.net,+34822 326 111,Teruel,Andalucía,2026-02-22
79,Ainara,Balaguer,puertaazucena@example.org,+34826492164,Sevilla,Castilla y León,2026-04-01
80,Jose Miguel,Luz,icases@example.net,+34 849 005 577,Álava,País Vasco,2023-06-28
81,Calixta,Lladó,scepeda@example.net,+34 859979688,Toledo,Murcia,2026-03-20
82,Violeta,Olivera,zgordillo@example.org,+34 971 45 64 24,Córdoba,Baleares,2023-10-31
83,Aarón,Zabala,omarmadrid@example.com,+34 987077406,Castellón,Comunidad Valenciana,2022-07-23
84,Luís,Guardia,pereiragonzalo@example.com,+34966 326 634,Baleares,Canarias,2025-11-27
85,Telmo,Heras,lucas84@example.com,+34 871 122 417,Vizcaya,Aragón,2022-11-07
86,Víctor,Lladó,uexposito@example.org,+34845 08 02 14,Guipúzcoa,Galicia,2025-02-20
87,Edgardo,Ríos,guerrerocipriano@example.org,+34717 356 475,Lleida,Asturias,2023-08-29
88,Josefina,Angulo,cecilio20@example.com,+34943 18 72 34,Córdoba,Baleares,2024-06-26
89,Rico,Alberola,ibarrarogelio@example.com,+34 881037183,Lleida,Asturias,2025-12-27
90,Roque,Miguel,federico08@example.net,+34834 74 35 03,Baleares,Canarias,2024-07-10
91,Jonatan,Rovira,albino24@example.net,+34 836 30 09 79,Castellón,Comunidad Valenciana,2022-12-29
92,Ramiro,Borrás,faustovalero@example.org,+34923005281,Burgos,Castilla-La Mancha,2023-03-04
93,Amarilis,Guerrero,celestina57@example.net,+34871 06 52 40,Castellón,Comunidad Valenciana,2023-01-18
94,Lara,Río,candela73@example.net,+34868 55 74 98,Guipúzcoa,Galicia,2024-07-29
95,Bruno,Cortina,qmarques@example.net,+34928 708 620,Lleida,Asturias,2023-03-13
96,Rocío,Pascual,miguel-angelbarroso@example.net,+34987 63 87 82,Lleida,Asturias,2025-02-23
97,Lorenzo,Mora,hmontserrat@example.org,+34 985102203,Baleares,Canarias,2025-02-13
98,Amalia,Feliu,antonconcepcion@example.net,+34 943789940,Almería,Extremadura,2022-12-20
99,Ismael,Belda,gallardogabriela@example.com,+34822 705 865,Córdoba,Navarra,2024-01-27
100,Leandra,Barragán,benigna01@example.com,+34 822381138,Castellón,Comunidad Valenciana,2025-11-21
101,Goyo,Ferrando,clotildeescamilla@example.net,+34947 19 57 61,Álava,País Vasco,2024-02-25
102,Mónica,Escribano,vvargas@example.net,+34846 89 75 58,Toledo,Murcia,2023-03-23
103,Ramona,Peral,uros@example.com,+34 880 983 684,Vizcaya,Aragón,2023-11-23
104,Víctor,Salvà,uabad@example.org,+34887 908 240,Baleares,Canarias,2024-01-17
105,Iván,Garmendia,alfredo48@example.net,+34 846 10 75 22,Baleares,Canarias,2023-10-16
106,Quique,Iborra,jose-mariamas@example.org,+34 945931572,Lleida,Asturias,2023-08-22
107,Paola,Bustos,anselmo96@example.org,+34807 556 613,Guipúzcoa,Galicia,2024-08-03
108,Fortunata,Alberdi,tbalaguer@example.net,+34 803 589 258,Lleida,Asturias,2025-09-10
109,Ismael,Coronado,pozovictor-manuel@example.net,+34 982 136 462,Sevilla,Castilla y León,2025-06-24
110,Nicodemo,Blanch,javiles@example.com,+34883168622,Burgos,Castilla-La Mancha,2023-01-28
111,Celia,Figuerola,pprats@example.net,+34 872 89 83 31,Burgos,Castilla-La Mancha,2024-07-23
112,Maxi,Ropero,isidora91@example.org,+34947 655 355,Sevilla,Castilla y León,2023-08-24
113,Gabriela,Amador,fortunato59@example.com,+34844 70 33 52,Alicante,Madrid,2025-01-14
114,Luisa,Boada,ballesterjose-carlos@example.net,+34 845405147,Córdoba,Navarra,2025-09-26
115,Alonso,Mármol,manolagalan@example.org,+34 985487920,Castellón,Comunidad Valenciana,2024-07-07
116,Dafne,Zurita,jaumefrancisco@example.org,+34 887 39 40 70,Lleida,Asturias,2024-02-12
117,Román,Linares,rosaura10@example.com,+34942 36 81 57,Vizcaya,Aragón,2022-10-18
118,Edelmira,Borja,heliodorovalle@example.com,+34720384576,Alicante,Madrid,2026-03-14
119,Faustino,Alfaro,isaura55@example.net,+34901 384 046,Córdoba,Navarra,2025-09-05
120,Ofelia,Andreu,jafet25@example.com,+34 843 16 89 36,Guipúzcoa,Galicia,2026-04-20
121,Constanza,Corominas,mmiguel@example.com,+34972 823 298,Teruel,Andalucía,2023-07-15
122,Nereida,Francisco,martinzabaleta@example.org,+34 952 92 51 88,Toledo,Murcia,2025-06-03
123,Diego,Espinosa,primitiva20@example.com,+34947 647 423,Baleares,Canarias,2025-07-28
124,Eleuterio,Esteban,lasaeloisa@example.net,+34 878 93 30 51,Córdoba,Navarra,2022-12-19
125,Melisa,Tapia,anisomoza@example.net,+34932677223,Álava,País Vasco,2025-06-09
126,Anacleto,Real,lermaseve@example.org,+34873 312 797,Burgos,Castilla-La Mancha,2023-06-23
127,Moreno,Seco,teofiloquiros@example.org,+34941 56 99 98,Almería,Extremadura,2025-06-09
128,Felipa,Arenas,sanmiguelyago@example.org,+34880 88 60 86,Girona,Cataluña,2024-09-29
129,María Del Carmen,Avilés,lupesabater@example.com,+34901 47 26 49,Córdoba,Baleares,2024-09-15
130,Baltasar,Villanueva,abigailsans@example.org,+34 981 12 98 26,Córdoba,Navarra,2026-06-03
131,Moisés,Sanmartín,escamillawilfredo@example.net,+34 873 71 45 21,Burgos,Castilla-La Mancha,2024-04-09
132,Danilo,Sancho,che86@example.net,+34 983926860,Córdoba,Navarra,2022-11-25
133,Francisco,Naranjo,fermincoca@example.org,+34806644742,Girona,Cataluña,2025-10-12
134,Trini,Catalá,abrahamisern@example.org,+34 974778097,Guipúzcoa,Galicia,2023-01-05
135,Isaac,Tamarit,credondo@example.org,+34 703 849 830,Girona,Cataluña,2023-07-11
136,Eusebio,Ballesteros,angelino20@example.net,+34900 51 01 62,Lleida,Asturias,2023-04-20
137,Hortensia,Luís,xavierpalomino@example.org,+34824 45 56 16,Alicante,Madrid,2023-03-14
138,Carmelita,Barón,adriana21@example.net,+34885 58 68 33,Guipúzcoa,Galicia,2026-02-06
139,Bautista,Canales,tomaslourdes@example.net,+34 888 695 489,Baleares,Canarias,2025-02-11
140,Paulino,Castilla,uvizcaino@example.net,+34980 72 93 43,Almería,Extremadura,2025-03-01
141,Diego,Amador,vcarranza@example.org,+34947605583,Burgos,Castilla-La Mancha,2022-07-09
142,Felicidad,Fortuny,jose-manuel14@example.com,+34 982 85 01 55,Alicante,Madrid,2022-07-24
143,Lourdes,Andres,guillermomurillo@example.com,+34977702727,Córdoba,Navarra,2024-03-13
144,Rosaura,Naranjo,vriba@example.org,+34984 49 58 80,Sevilla,Castilla y León,2026-04-22
145,Crescencia,Mármol,blas24@example.org,+34923 68 29 96,Girona,Cataluña,2023-05-26
146,Dulce,Caro,julieta50@example.com,+34947 173 574,Almería,Extremadura,2023-04-24
147,Beatriz,Mate,daniperello@example.org,+34 873 17 80 78,Castellón,Comunidad Valenciana,2023-06-07
148,Goyo,Nieto,tzabaleta@example.com,+34 844 18 23 07,Córdoba,Navarra,2023-03-03
149,Leyre,Yuste,acostamaria@example.org,+34823 57 01 84,Baleares,Canarias,2024-02-29
150,Crescencia,Miguel,miguel-angelfonseca@example.org,+34887 48 57 14,Almería,Extremadura,2022-08-10
151,Fausto,Llanos,alcantaraesther@example.net,+34983138585,Álava,País Vasco,2023-02-23
152,Epifanio,Luque,francisco-javierbelda@example.com,+34923870207,Almería,Extremadura,2023-09-01
153,Imelda,Ayuso,plabaltasar@example.org,+34949629979,Teruel,Andalucía,2026-05-10
154,Mateo,Márquez,leyrebermudez@example.com,+34 842 17 17 47,Sevilla,Castilla y León,2024-01-10
155,Jesús,Goicoechea,rosalindajorda@example.com,+34943 25 57 70,Teruel,Andalucía,2024-07-06
156,Aitana,Carbajo,alejandra72@example.com,+34 925 99 28 16,Sevilla,Castilla y León,2022-10-16
157,Lidia,Campo,cayetana14@example.net,+34974696393,Burgos,Castilla-La Mancha,2025-12-28
158,Federico,Toledo,vbatalla@example.org,+34956 958 321,Álava,País Vasco,2024-11-04
159,Leonor,Torrecilla,sierramaximo@example.net,+34825 724 619,Castellón,Comunidad Valenciana,2025-08-28
160,Isidora,Pinilla,ana-belen01@example.org,+34843902278,Sevilla,Castilla y León,2022-12-22
161,Rosario,Salvador,hernanmoliner@example.com,+34901 65 19 09,Girona,Cataluña,2023-10-02
162,Sancho,Castell,bernabe58@example.org,+34 685 140 369,Álava,País Vasco,2024-09-06
163,Eufemia,Monreal,yramis@example.com,+34 875 272 386,Castellón,Comunidad Valenciana,2024-03-10
164,Ámbar,Palomino,scorrea@example.net,+34 841 20 10 27,Teruel,Andalucía,2026-02-06
165,Ulises,Cerdán,cervantesfelisa@example.com,+34973969278,Álava,País Vasco,2025-04-24
166,Carmina,Sandoval,opadilla@example.org,+34 949 90 97 38,Almería,Extremadura,2024-04-25
167,Segismundo,Pedraza,arellanoclementina@example.com,+34928 19 71 28,Girona,Cataluña,2023-08-29
168,Maricela,Losa,fvillanueva@example.net,+34 824 371 894,Córdoba,Navarra,2026-03-02
169,Balduino,Nuñez,somozawilfredo@example.net,+34 976 956 544,Córdoba,Baleares,2025-02-13
170,Andrés Felipe,Mateu,benjamin79@example.org,+34806490471,Toledo,Murcia,2023-03-24
171,Anselma,Benítez,jose-antonio29@example.com,+34885 40 19 29,Álava,País Vasco,2023-01-20
172,Eutropio,Salom,nuria24@example.net,+34 879728051,Lleida,Asturias,2025-08-27
173,Dulce,Correa,xrey@example.com,+34879 723 950,Alicante,Madrid,2023-02-17
174,Juan Luis,Carmona,diezabril@example.com,+34 977478366,Alicante,Madrid,2025-03-30
175,Juan Francisco,Codina,salbero@example.com,+34 942580185,Teruel,Andalucía,2024-07-13
176,Toni,Llamas,julian41@example.com,+34943739385,Guipúzcoa,Galicia,2026-02-07
177,Jenny,Escolano,carla00@example.org,+34 716 181 753,Almería,Extremadura,2025-05-24
178,Loreto,Infante,anastasioalvarez@example.net,+34824093911,Córdoba,Navarra,2025-08-06
179,Roberta,Castillo,hesteban@example.net,+34 864 47 17 46,Baleares,Canarias,2022-11-18
180,Vera,Morales,felix14@example.org,+34 942650442,Córdoba,Baleares,2025-06-16
181,Buenaventura,Téllez,emiliapozo@example.org,+34979 12 86 39,Córdoba,Navarra,2024-05-21
182,Curro,Sala,cristian01@example.org,+34881707200,Alicante,Madrid,2025-04-01
183,Rosario,Larrea,juanamurcia@example.com,+34687 766 183,Lleida,Asturias,2025-05-04
184,Rodrigo,Toledo,palomarnazario@example.net,+34901601585,Córdoba,Baleares,2022-07-12
185,Prudencia,Segura,flora32@example.net,+34800634615,Baleares,Canarias,2022-11-08
186,Cesar,Río,enriquearaujo@example.org,+34 739376184,Baleares,Canarias,2024-07-31
187,Bibiana,Sancho,arconorberto@example.org,+34923 061 387,Vizcaya,Aragón,2024-08-21
188,Sabina,Company,angelabello@example.org,+34 844 707 903,Teruel,Andalucía,2025-05-25
189,Florencia,Castrillo,duenasevelia@example.org,+34 902 17 92 91,Almería,Extremadura,2025-06-30
190,Olimpia,Camino,valenciadulce@example.net,+34876 136 565,Girona,Cataluña,2025-12-28
191,Isaura,Cervantes,piedad30@example.net,+34849 511 426,Teruel,Andalucía,2023-01-10
192,Josefina,Pelayo,valentinhervia@example.net,+34800 21 96 20,Guipúzcoa,Galicia,2023-03-25
193,Amanda,Berrocal,aguilargaston@example.org,+34 887 67 23 24,Castellón,Comunidad Valenciana,2026-04-03
194,Virgilio,Requena,felixarellano@example.net,+34857914560,Córdoba,Navarra,2024-09-26
195,Jonatan,Fernandez,bustosesperanza@example.com,+34 988 837 340,Alicante,Madrid,2024-11-19
196,Daniel,Company,lvalencia@example.org,+34 803 05 43 64,Burgos,Castilla-La Mancha,2023-05-03
197,Encarnita,Santana,calvetmanu@example.org,+34987220781,Córdoba,Baleares,2023-12-08
198,Teresa,Gutierrez,amoreno@example.org,+34921 315 313,Vizcaya,Aragón,2022-10-25
199,Seve,Folch,egimenez@example.com,+34978062397,Burgos,Castilla-La Mancha,2025-08-26
200,Roldán,Perea,zacariasferrera@example.net,+34 927435209,Sevilla,Castilla y León,2023-04-09
201,Lisandro,Cerezo,solanaalvaro@example.com,+34 849534929,Girona,Cataluña,2022-10-07
202,Francisco,Gras,requenarocio@example.net,+34 979 39 77 40,Lleida,Asturias,2026-05-13
203,Tiburcio,Huerta,naciorovira@example.net,+34876 92 90 60,Guipúzcoa,Galicia,2025-08-14
204,Adoración,Varela,roigbernarda@example.com,+34977177318,Castellón,Comunidad Valenciana,2022-09-07
205,Albano,Ramos,eligiopalmer@example.com,+34879107427,Guipúzcoa,Galicia,2025-09-18
206,Concepción,Amador,xsilva@example.org,+34 946257016,Girona,Cataluña,2026-02-28
207,Jessica,Méndez,martinteodosio@example.com,+34988 931 950,Teruel,Andalucía,2026-04-24
208,Virginia,Pascual,canterorodolfo@example.com,+34 975 90 55 28,Castellón,Comunidad Valenciana,2024-09-13
209,Bonifacio,Fuentes,nicanorgomez@example.net,+34 828 79 33 55,Sevilla,Castilla y León,2025-07-05
210,Juanito,Vara,dlluch@example.org,+34935 778 817,Toledo,Murcia,2026-05-01
211,Bernardita,Manzano,zpedro@example.net,+34 820371162,Lleida,Asturias,2025-07-13
212,Carmelo,Canales,leonciocaparros@example.net,+34 845723804,Vizcaya,Aragón,2023-09-27
213,Isabel,Catalán,aoliver@example.com,+34724 310 385,Baleares,Canarias,2024-04-14
214,Cristina,Novoa,amalia98@example.net,+34971 74 92 42,Girona,Cataluña,2024-04-06
215,Juan Bautista,González,speral@example.org,+34 845547292,Girona,Cataluña,2025-11-14
216,Blanca,Machado,gabinocorral@example.org,+34879 105 927,Córdoba,Navarra,2025-07-16
217,Rafael,Espinosa,chitaarana@example.net,+34 920 525 782,Almería,Extremadura,2023-08-15
218,Marcial,Carrión,quirogaangelina@example.org,+34 974520885,Baleares,Canarias,2024-10-12
219,Julieta,Marqués,wmanjon@example.net,+34 845 975 170,Vizcaya,Aragón,2025-04-07
220,Irene,Caro,amador69@example.org,+34 972 515 093,Burgos,Castilla-La Mancha,2023-02-08
221,Belen,Girona,gustavo01@example.net,+34 972 186 375,Teruel,Andalucía,2024-12-29
222,Elodia,Vidal,paniaguaromulo@example.org,+34949 56 50 45,Toledo,Murcia,2025-01-28
223,Mario,Salinas,garrigaluisa@example.com,+34947 74 26 62,Burgos,Castilla-La Mancha,2024-01-03
224,Diana,Boix,hipolitomateos@example.com,+34985 519 610,Vizcaya,Aragón,2026-01-24
225,Feliciana,Llano,jdiez@example.com,+34 843 32 64 87,Castellón,Comunidad Valenciana,2024-04-03
226,Pacífica,Matas,ana87@example.org,+34730 244 714,Córdoba,Baleares,2022-09-10
227,Gastón,Téllez,ambrosiocarreras@example.com,+34 980 195 979,Alicante,Madrid,2024-04-15
228,Ruperta,Jordá,xcarreras@example.net,+34714 29 02 57,Guipúzcoa,Galicia,2024-05-14
229,Jimena,Cerdá,fernando04@example.com,+34948 504 481,Sevilla,Castilla y León,2026-04-01
230,Guillermo,Español,diegocandelaria@example.com,+34914 45 18 95,Teruel,Andalucía,2024-09-12
231,Ernesto,Alberto,auralucena@example.com,+34978652132,Vizcaya,Aragón,2026-01-05
232,Ismael,Fabra,rinconedgar@example.org,+34828 20 75 45,Álava,País Vasco,2024-08-26
233,Olga,Salamanca,francisco-jose40@example.net,+34 833223423,Castellón,Comunidad Valenciana,2023-02-07
234,Cayetano,Rodríguez,bermejoalejo@example.com,+34950 310 890,Vizcaya,Aragón,2023-01-25
235,Diego,Isern,batallamarcial@example.net,+34701193932,Sevilla,Castilla y León,2024-07-04
236,Pascual,Andres,coelloraquel@example.net,+34 886 95 52 89,Alicante,Madrid,2025-05-13
237,Anselma,Bayo,alcalabenigna@example.org,+34871428013,Toledo,Murcia,2023-07-17
238,Anna,Taboada,jose92@example.com,+34 827256638,Toledo,Murcia,2026-06-05
239,Saturnino,Carbajo,duilio71@example.net,+34 843754801,Girona,Cataluña,2023-06-25
240,Ana,Carlos,dluque@example.net,+34 917386463,Burgos,Castilla-La Mancha,2023-11-28
241,Buenaventura,Tamarit,gaston07@example.net,+34826 67 81 12,Álava,País Vasco,2026-02-26
242,Salvador,Cal,bertoparra@example.org,+34923396136,Girona,Cataluña,2024-03-11
243,Angelina,Lopez,maristela65@example.com,+34 946 784 271,Burgos,Castilla-La Mancha,2025-08-06
244,Josué,Tovar,ogual@example.org,+34 741 017 026,Burgos,Castilla-La Mancha,2023-01-12
245,Iris,Morillo,marciobarcena@example.org,+34984773477,Burgos,Castilla-La Mancha,2025-01-31
246,Juan Carlos,Nuñez,angulotito@example.org,+34 942 75 67 70,Lleida,Asturias,2024-08-29
247,Galo,Mateo,amparorosa@example.org,+34 916719788,Burgos,Castilla-La Mancha,2022-08-27
248,Adoración,Tamarit,antoniabarba@example.com,+34883 79 69 54,Burgos,Castilla-La Mancha,2024-12-11
249,Benjamín,Anaya,castellanospilar@example.com,+34925 905 616,Teruel,Andalucía,2023-11-16
250,Pepe,Requena,basilio33@example.org,+34 919114152,Sevilla,Castilla y León,2023-12-25
